Wavelength,Time,T,A1,A2,A3,A4,A5,A6,A7,A8,A9,A10,A11,A12,B1,B2,B3,B4,B5,B6,B7,B8,B9,B10,B11,B12,C1,C2,C3,C4,C5,C6,C7,C8,C9,C10,C11,C12,D1,D2,D3,D4,D5,D6,D7,D8,D9,D10,D11,D12,E1,E2,E3,E4,E5,E6,E7,E8,E9,E10,E11,E12,F1,F2,F3,F4,F5,F6,F7,F8,F9,F10,F11,F12,G1,G2,G3,G4,G5,G6,G7,G8,G9,G10,G11,G12,H1,H2,H3,H4,H5,H6,H7,H8,H9,H10,H11,H12
600,0:19:12,30,1.422,1.271,1.264,0.458,1.36,0.292,1.173,0.324,0.383,0.093,0.1,0.088,1.891,1.399,1.212,0.622,1.803,0.356,1.221,0.333,0.405,0.214,0.225,0.132,1.932,1.218,1.274,0.669,1.93,0.454,1.228,0.335,0.402,0.232,0.251,0.089,1.926,1.234,1.365,0.769,2.014,0.447,1.3,0.332,0.414,0.221,0.248,0.097,0.609,0.467,0.404,0.519,0.503,0.304,0.333,0.363,0.405,0.221,0.253,0.095,0.608,0.457,0.399,0.502,0.502,0.284,0.302,0.355,0.426,0.212,0.244,0.089,0.609,0.448,0.394,0.48,0.451,0.256,0.266,0.356,0.436,0.198,0.233,0.09,0.686,0.451,0.292,0.362,0.344,0.187,0.258,0.34,0.427,0.087,0.088,0.091
600,0:39:13,30,1.388,1.267,1.273,0.459,1.361,0.291,1.236,0.324,0.384,0.092,0.099,0.088,1.872,1.406,1.113,0.514,1.704,0.301,1.191,0.333,0.404,0.108,0.166,0.135,1.906,1.219,1.187,0.574,1.831,0.35,1.138,0.335,0.395,0.131,0.192,0.089,1.906,1.235,1.283,0.685,1.928,0.333,1.2,0.332,0.408,0.119,0.192,0.097,0.61,0.467,0.303,0.425,0.387,0.197,0.275,0.363,0.405,0.098,0.198,0.095,0.609,0.457,0.287,0.377,0.366,0.193,0.277,0.355,0.426,0.091,0.189,0.089,0.618,0.448,0.282,0.369,0.355,0.207,0.268,0.356,0.436,0.091,0.176,0.09,0.647,0.45,0.31,0.361,0.345,0.187,0.259,0.34,0.428,0.087,0.088,0.092
600,0:59:14,30.1,1.393,1.268,1.287,0.46,1.362,0.292,1.283,0.324,0.384,0.092,0.092,0.088,1.874,1.411,1.113,0.515,1.706,0.302,1.192,0.333,0.404,0.108,0.116,0.136,1.899,1.224,1.166,0.541,1.812,0.351,1.139,0.335,0.395,0.102,0.157,0.089,1.897,1.238,1.242,0.636,1.892,0.335,1.203,0.332,0.408,0.094,0.159,0.097,0.609,0.467,0.271,0.39,0.367,0.197,0.275,0.362,0.404,0.089,0.166,0.095,0.609,0.457,0.271,0.365,0.366,0.193,0.278,0.355,0.427,0.089,0.159,0.089,0.617,0.448,0.282,0.37,0.356,0.192,0.267,0.356,0.436,0.091,0.139,0.09,0.636,0.451,0.311,0.357,0.346,0.187,0.259,0.34,0.425,0.087,0.087,0.092
600,1:19:15,30,1.398,1.268,1.296,0.461,1.362,0.293,1.295,0.324,0.384,0.092,0.095,0.088,1.894,1.413,1.111,0.516,1.707,0.304,1.19,0.333,0.404,0.108,0.088,0.136,1.903,1.227,1.158,0.542,1.81,0.352,1.139,0.335,0.395,0.102,0.133,0.089,1.9,1.24,1.243,0.638,1.892,0.336,1.204,0.332,0.408,0.094,0.138,0.097,0.609,0.467,0.271,0.389,0.368,0.197,0.275,0.363,0.405,0.09,0.146,0.095,0.609,0.457,0.271,0.365,0.366,0.193,0.278,0.355,0.426,0.09,0.139,0.089,0.616,0.448,0.283,0.37,0.357,0.193,0.267,0.355,0.436,0.091,0.103,0.09,0.633,0.45,0.277,0.355,0.347,0.187,0.259,0.34,0.425,0.087,0.088,0.092
600,1:39:16,30,1.418,1.269,1.297,0.462,1.363,0.293,1.292,0.324,0.384,0.092,0.107,0.088,1.903,1.409,1.112,0.516,1.71,0.305,1.188,0.333,0.404,0.108,0.086,0.137,1.905,1.229,1.158,0.543,1.81,0.353,1.137,0.334,0.395,0.102,0.105,0.09,1.901,1.244,1.243,0.639,1.892,0.337,1.206,0.332,0.408,0.094,0.118,0.097,0.61,0.467,0.271,0.391,0.368,0.198,0.276,0.363,0.405,0.09,0.13,0.094,0.609,0.457,0.271,0.365,0.366,0.193,0.278,0.355,0.426,0.09,0.122,0.089,0.614,0.448,0.283,0.372,0.357,0.193,0.267,0.356,0.436,0.091,0.085,0.09,0.638,0.45,0.279,0.364,0.347,0.187,0.259,0.34,0.425,0.087,0.088,0.092
600,1:59:17,30,1.401,1.27,1.298,0.462,1.362,0.293,1.3,0.324,0.384,0.092,0.104,0.088,1.91,1.413,1.111,0.517,1.711,0.304,1.183,0.333,0.404,0.108,0.086,0.136,1.908,1.232,1.158,0.543,1.811,0.354,1.136,0.334,0.395,0.102,0.092,0.089,1.905,1.248,1.243,0.642,1.893,0.338,1.208,0.332,0.408,0.094,0.101,0.097,0.609,0.467,0.271,0.391,0.368,0.197,0.276,0.363,0.405,0.089,0.111,0.095,0.609,0.457,0.271,0.366,0.367,0.193,0.278,0.354,0.427,0.09,0.105,0.089,0.612,0.448,0.283,0.371,0.357,0.192,0.267,0.356,0.437,0.091,0.085,0.09,0.634,0.45,0.278,0.363,0.346,0.187,0.259,0.34,0.424,0.087,0.087,0.092
600,2:19:18,30,1.402,1.272,1.3,0.462,1.362,0.293,1.309,0.324,0.384,0.092,0.093,0.088,1.915,1.417,1.112,0.517,1.712,0.301,1.181,0.333,0.404,0.108,0.086,0.136,1.914,1.233,1.158,0.543,1.812,0.355,1.136,0.335,0.395,0.102,0.091,0.089,1.91,1.249,1.243,0.642,1.893,0.338,1.211,0.332,0.408,0.094,0.092,0.097,0.609,0.467,0.271,0.39,0.368,0.206,0.276,0.363,0.405,0.09,0.095,0.095,0.609,0.457,0.271,0.366,0.367,0.193,0.278,0.355,0.427,0.09,0.09,0.089,0.612,0.448,0.283,0.371,0.357,0.194,0.267,0.356,0.438,0.091,0.085,0.09,0.631,0.451,0.274,0.36,0.346,0.187,0.259,0.34,0.422,0.087,0.088,0.092
600,2:39:19,30,1.403,1.272,1.299,0.462,1.359,0.293,1.302,0.323,0.384,0.092,0.099,0.087,1.918,1.415,1.112,0.517,1.714,0.3,1.179,0.333,0.404,0.108,0.086,0.135,1.915,1.236,1.158,0.543,1.813,0.355,1.133,0.335,0.395,0.102,0.092,0.089,1.913,1.25,1.242,0.643,1.893,0.339,1.206,0.332,0.408,0.094,0.092,0.097,0.612,0.467,0.272,0.388,0.368,0.197,0.276,0.363,0.404,0.09,0.092,0.095,0.609,0.457,0.271,0.366,0.367,0.194,0.278,0.355,0.427,0.09,0.087,0.089,0.611,0.448,0.283,0.371,0.357,0.192,0.267,0.356,0.437,0.091,0.085,0.09,0.633,0.45,0.276,0.355,0.346,0.187,0.259,0.34,0.423,0.087,0.087,0.092
600,2:59:20,30,1.406,1.272,1.3,0.462,1.353,0.293,1.304,0.324,0.384,0.092,0.1,0.088,1.915,1.413,1.112,0.516,1.715,0.299,1.177,0.333,0.404,0.108,0.086,0.136,1.918,1.235,1.158,0.543,1.812,0.355,1.133,0.334,0.395,0.102,0.092,0.089,1.912,1.25,1.243,0.643,1.894,0.34,1.204,0.332,0.408,0.094,0.092,0.097,0.609,0.467,0.272,0.388,0.368,0.197,0.276,0.363,0.404,0.089,0.092,0.094,0.608,0.457,0.271,0.366,0.367,0.198,0.278,0.355,0.427,0.09,0.087,0.089,0.61,0.448,0.283,0.371,0.357,0.193,0.267,0.356,0.438,0.091,0.085,0.09,0.635,0.45,0.276,0.359,0.346,0.187,0.259,0.34,0.421,0.087,0.088,0.092
600,3:19:21,30,1.407,1.274,1.301,0.463,1.346,0.293,1.306,0.324,0.384,0.092,0.097,0.088,1.916,1.417,1.113,0.516,1.717,0.298,1.175,0.333,0.404,0.108,0.086,0.136,1.921,1.236,1.158,0.543,1.815,0.355,1.128,0.335,0.395,0.102,0.092,0.089,1.912,1.251,1.243,0.644,1.894,0.34,1.205,0.332,0.408,0.094,0.092,0.097,0.609,0.467,0.272,0.388,0.368,0.197,0.276,0.362,0.405,0.09,0.092,0.095,0.608,0.457,0.271,0.366,0.367,0.193,0.278,0.355,0.427,0.09,0.087,0.089,0.611,0.448,0.283,0.371,0.357,0.192,0.267,0.355,0.438,0.091,0.085,0.09,0.637,0.45,0.278,0.365,0.346,0.187,0.259,0.34,0.427,0.087,0.088,0.091
600,3:39:22,30,1.407,1.275,1.302,0.465,1.34,0.293,1.319,0.323,0.384,0.092,0.112,0.088,1.914,1.421,1.113,0.516,1.718,0.298,1.174,0.333,0.405,0.108,0.086,0.136,1.924,1.237,1.158,0.543,1.813,0.355,1.123,0.334,0.395,0.102,0.091,0.089,1.915,1.252,1.243,0.643,1.894,0.34,1.207,0.332,0.408,0.094,0.092,0.097,0.609,0.467,0.272,0.39,0.368,0.197,0.276,0.363,0.404,0.089,0.092,0.095,0.608,0.457,0.271,0.366,0.367,0.194,0.278,0.355,0.427,0.09,0.087,0.089,0.611,0.448,0.283,0.371,0.357,0.193,0.267,0.356,0.438,0.091,0.085,0.09,0.63,0.45,0.273,0.355,0.346,0.187,0.259,0.34,0.422,0.087,0.088,0.092
600,3:59:23,30,1.402,1.275,1.301,0.464,1.336,0.293,1.313,0.323,0.384,0.092,0.092,0.088,1.913,1.42,1.113,0.516,1.719,0.298,1.172,0.333,0.404,0.108,0.086,0.136,1.922,1.239,1.159,0.543,1.816,0.355,1.125,0.334,0.395,0.102,0.092,0.089,1.916,1.253,1.244,0.644,1.895,0.341,1.21,0.332,0.408,0.094,0.092,0.097,0.611,0.466,0.272,0.388,0.368,0.197,0.276,0.363,0.404,0.089,0.092,0.095,0.608,0.457,0.271,0.366,0.367,0.193,0.278,0.355,0.426,0.09,0.087,0.089,0.611,0.447,0.283,0.371,0.357,0.192,0.267,0.356,0.437,0.091,0.085,0.09,0.632,0.45,0.281,0.365,0.346,0.187,0.259,0.34,0.425,0.087,0.087,0.092
600,4:19:24,30,1.4,1.275,1.301,0.465,1.332,0.293,1.31,0.323,0.384,0.092,0.099,0.087,1.91,1.418,1.114,0.516,1.721,0.297,1.17,0.333,0.404,0.108,0.086,0.137,1.923,1.239,1.157,0.543,1.816,0.355,1.132,0.335,0.395,0.102,0.092,0.089,1.914,1.253,1.242,0.644,1.896,0.34,1.213,0.332,0.408,0.094,0.092,0.097,0.61,0.466,0.272,0.385,0.368,0.197,0.276,0.363,0.404,0.089,0.092,0.095,0.608,0.457,0.271,0.366,0.367,0.194,0.278,0.354,0.427,0.09,0.087,0.089,0.611,0.448,0.283,0.371,0.357,0.193,0.267,0.355,0.438,0.091,0.085,0.091,0.633,0.45,0.272,0.354,0.345,0.187,0.259,0.339,0.42,0.087,0.087,0.092
600,4:39:25,30,1.392,1.276,1.302,0.465,1.33,0.293,1.32,0.323,0.384,0.093,0.105,0.088,1.911,1.423,1.114,0.515,1.722,0.297,1.17,0.333,0.404,0.108,0.086,0.136,1.923,1.239,1.16,0.543,1.817,0.354,1.136,0.335,0.395,0.102,0.092,0.089,1.917,1.254,1.242,0.644,1.896,0.34,1.213,0.332,0.408,0.094,0.092,0.097,0.609,0.467,0.272,0.391,0.368,0.197,0.276,0.362,0.404,0.089,0.092,0.095,0.608,0.457,0.271,0.366,0.367,0.193,0.278,0.354,0.426,0.09,0.087,0.089,0.612,0.447,0.283,0.371,0.357,0.193,0.267,0.355,0.438,0.091,0.085,0.09,0.628,0.45,0.272,0.354,0.346,0.187,0.259,0.339,0.422,0.087,0.088,0.091
600,4:59:26,30,1.387,1.277,1.3,0.464,1.327,0.293,1.313,0.323,0.384,0.093,0.095,0.088,1.909,1.421,1.115,0.515,1.724,0.296,1.169,0.333,0.404,0.108,0.086,0.135,1.925,1.239,1.159,0.543,1.817,0.354,1.136,0.334,0.395,0.102,0.092,0.089,1.919,1.254,1.243,0.645,1.897,0.34,1.212,0.332,0.408,0.094,0.092,0.097,0.611,0.466,0.272,0.388,0.368,0.197,0.276,0.362,0.404,0.089,0.092,0.094,0.608,0.457,0.271,0.366,0.367,0.193,0.278,0.354,0.427,0.09,0.087,0.089,0.613,0.447,0.283,0.372,0.357,0.193,0.267,0.355,0.438,0.091,0.085,0.09,0.635,0.45,0.277,0.363,0.345,0.187,0.259,0.339,0.423,0.087,0.087,0.091
600,5:19:27,30,1.371,1.278,1.3,0.464,1.324,0.293,1.314,0.323,0.384,0.092,0.099,0.087,1.909,1.42,1.115,0.515,1.724,0.296,1.168,0.333,0.404,0.108,0.086,0.135,1.924,1.24,1.16,0.543,1.819,0.354,1.136,0.334,0.395,0.102,0.092,0.089,1.917,1.255,1.242,0.645,1.897,0.34,1.212,0.332,0.408,0.094,0.092,0.097,0.609,0.466,0.272,0.388,0.368,0.198,0.276,0.362,0.404,0.089,0.092,0.094,0.608,0.456,0.271,0.366,0.367,0.194,0.278,0.354,0.426,0.09,0.087,0.089,0.614,0.447,0.283,0.372,0.357,0.197,0.267,0.355,0.438,0.091,0.085,0.09,0.631,0.45,0.277,0.356,0.345,0.187,0.259,0.339,0.423,0.087,0.087,0.092
600,5:39:28,30,1.364,1.278,1.301,0.464,1.322,0.293,1.323,0.323,0.384,0.092,0.107,0.088,1.905,1.423,1.114,0.515,1.726,0.296,1.167,0.333,0.404,0.108,0.086,0.136,1.922,1.242,1.161,0.543,1.82,0.354,1.137,0.334,0.395,0.102,0.092,0.089,1.915,1.256,1.243,0.644,1.898,0.34,1.213,0.332,0.408,0.094,0.092,0.097,0.61,0.466,0.272,0.39,0.368,0.201,0.276,0.362,0.404,0.089,0.092,0.095,0.608,0.457,0.271,0.366,0.367,0.193,0.278,0.354,0.426,0.09,0.087,0.089,0.614,0.447,0.283,0.371,0.357,0.193,0.267,0.355,0.437,0.091,0.085,0.09,0.629,0.45,0.276,0.358,0.346,0.187,0.259,0.339,0.423,0.087,0.087,0.091
600,5:59:29,30,1.345,1.277,1.299,0.464,1.319,0.293,1.317,0.323,0.384,0.092,0.096,0.088,1.905,1.427,1.116,0.516,1.727,0.296,1.167,0.333,0.404,0.108,0.086,0.137,1.922,1.241,1.162,0.543,1.822,0.354,1.137,0.334,0.395,0.102,0.091,0.089,1.917,1.256,1.243,0.645,1.899,0.339,1.214,0.332,0.408,0.094,0.092,0.097,0.612,0.466,0.272,0.389,0.368,0.198,0.276,0.362,0.404,0.089,0.092,0.095,0.608,0.457,0.271,0.366,0.367,0.194,0.278,0.354,0.426,0.09,0.087,0.089,0.614,0.447,0.283,0.371,0.357,0.193,0.269,0.355,0.437,0.091,0.085,0.091,0.632,0.45,0.274,0.352,0.345,0.187,0.259,0.339,0.427,0.087,0.087,0.091
600,6:19:30,30,1.347,1.277,1.298,0.464,1.317,0.292,1.316,0.323,0.383,0.092,0.101,0.087,1.903,1.423,1.117,0.515,1.729,0.296,1.167,0.333,0.404,0.108,0.086,0.134,1.922,1.242,1.162,0.543,1.822,0.353,1.136,0.334,0.395,0.102,0.092,0.088,1.916,1.256,1.244,0.645,1.899,0.34,1.213,0.331,0.408,0.094,0.092,0.097,0.611,0.466,0.272,0.389,0.368,0.198,0.275,0.362,0.404,0.089,0.092,0.094,0.608,0.456,0.271,0.366,0.366,0.193,0.278,0.354,0.426,0.09,0.087,0.089,0.615,0.447,0.283,0.371,0.357,0.193,0.267,0.355,0.438,0.091,0.085,0.09,0.632,0.45,0.281,0.356,0.345,0.187,0.259,0.339,0.427,0.087,0.087,0.091
600,6:39:31,30,1.343,1.278,1.297,0.464,1.316,0.293,1.31,0.323,0.384,0.093,0.094,0.087,1.903,1.422,1.117,0.515,1.729,0.295,1.166,0.333,0.404,0.108,0.086,0.135,1.922,1.244,1.162,0.543,1.822,0.353,1.136,0.334,0.395,0.102,0.092,0.089,1.917,1.255,1.244,0.646,1.9,0.339,1.211,0.331,0.408,0.094,0.092,0.097,0.61,0.466,0.272,0.385,0.368,0.197,0.276,0.362,0.404,0.089,0.092,0.094,0.608,0.456,0.271,0.366,0.367,0.204,0.278,0.354,0.427,0.09,0.087,0.089,0.616,0.447,0.283,0.371,0.357,0.192,0.272,0.355,0.438,0.091,0.085,0.09,0.634,0.45,0.28,0.352,0.345,0.187,0.259,0.339,0.421,0.087,0.087,0.092
600,6:59:32,30,1.318,1.279,1.296,0.463,1.313,0.293,1.314,0.323,0.384,0.092,0.099,0.088,1.899,1.426,1.117,0.515,1.731,0.295,1.165,0.333,0.404,0.108,0.086,0.136,1.922,1.244,1.161,0.543,1.824,0.353,1.136,0.334,0.395,0.102,0.092,0.089,1.915,1.257,1.244,0.645,1.901,0.339,1.208,0.332,0.408,0.094,0.092,0.097,0.609,0.466,0.272,0.389,0.368,0.197,0.276,0.362,0.404,0.09,0.092,0.094,0.608,0.456,0.271,0.366,0.367,0.193,0.278,0.354,0.426,0.09,0.087,0.089,0.617,0.447,0.283,0.371,0.357,0.193,0.267,0.355,0.437,0.091,0.085,0.09,0.633,0.45,0.276,0.352,0.346,0.187,0.259,0.339,0.421,0.087,0.087,0.091
600,7:19:33,30,1.329,1.28,1.296,0.463,1.311,0.293,1.316,0.323,0.383,0.092,0.108,0.088,1.899,1.426,1.116,0.514,1.733,0.295,1.165,0.333,0.404,0.108,0.086,0.135,1.922,1.245,1.161,0.543,1.825,0.352,1.137,0.334,0.395,0.102,0.091,0.089,1.913,1.258,1.244,0.646,1.902,0.34,1.206,0.331,0.408,0.094,0.092,0.097,0.61,0.466,0.272,0.389,0.368,0.197,0.276,0.362,0.404,0.089,0.092,0.094,0.608,0.456,0.271,0.366,0.367,0.194,0.278,0.354,0.426,0.09,0.087,0.089,0.617,0.447,0.283,0.371,0.357,0.193,0.267,0.355,0.437,0.091,0.085,0.09,0.632,0.45,0.277,0.352,0.345,0.189,0.259,0.339,0.426,0.087,0.087,0.091
600,7:39:34,30,1.289,1.28,1.296,0.463,1.31,0.293,1.317,0.323,0.384,0.092,0.095,0.087,1.898,1.427,1.118,0.514,1.734,0.295,1.165,0.333,0.404,0.108,0.086,0.135,1.925,1.243,1.164,0.543,1.826,0.353,1.136,0.334,0.395,0.102,0.092,0.089,1.914,1.259,1.244,0.646,1.903,0.34,1.204,0.332,0.408,0.094,0.092,0.097,0.61,0.466,0.272,0.39,0.368,0.197,0.276,0.362,0.404,0.09,0.092,0.094,0.608,0.456,0.271,0.366,0.366,0.193,0.278,0.354,0.426,0.09,0.087,0.089,0.619,0.447,0.283,0.371,0.357,0.192,0.268,0.355,0.437,0.091,0.085,0.09,0.633,0.45,0.276,0.359,0.345,0.187,0.259,0.339,0.425,0.087,0.087,0.091
600,7:59:35,30,1.299,1.282,1.296,0.463,1.308,0.292,1.332,0.323,0.383,0.092,0.096,0.088,1.893,1.431,1.116,0.514,1.735,0.295,1.165,0.333,0.404,0.108,0.086,0.136,1.926,1.245,1.164,0.543,1.827,0.352,1.136,0.334,0.395,0.102,0.092,0.088,1.91,1.261,1.245,0.645,1.903,0.34,1.204,0.331,0.408,0.094,0.092,0.097,0.61,0.466,0.272,0.39,0.368,0.197,0.275,0.362,0.404,0.089,0.092,0.094,0.608,0.456,0.271,0.366,0.367,0.193,0.278,0.354,0.426,0.089,0.087,0.089,0.619,0.447,0.283,0.372,0.357,0.194,0.267,0.355,0.437,0.091,0.085,0.09,0.624,0.45,0.276,0.357,0.345,0.187,0.259,0.339,0.424,0.087,0.087,0.091
600,8:19:36,30,1.286,1.281,1.294,0.463,1.306,0.292,1.32,0.322,0.383,0.093,0.105,0.087,1.896,1.427,1.118,0.514,1.737,0.295,1.167,0.333,0.404,0.108,0.086,0.136,1.927,1.247,1.162,0.543,1.828,0.352,1.135,0.334,0.395,0.102,0.092,0.089,1.909,1.259,1.244,0.646,1.902,0.34,1.205,0.331,0.408,0.094,0.092,0.097,0.611,0.466,0.272,0.387,0.368,0.197,0.276,0.362,0.404,0.09,0.092,0.095,0.608,0.456,0.271,0.366,0.367,0.193,0.278,0.354,0.426,0.09,0.087,0.089,0.619,0.447,0.283,0.371,0.357,0.193,0.267,0.355,0.438,0.091,0.085,0.09,0.628,0.45,0.323,0.352,0.345,0.187,0.259,0.339,0.423,0.087,0.088,0.091
600,8:39:37,30,1.278,1.282,1.295,0.463,1.304,0.292,1.325,0.322,0.383,0.092,0.095,0.088,1.894,1.434,1.118,0.514,1.738,0.295,1.166,0.333,0.404,0.108,0.086,0.135,1.928,1.248,1.164,0.543,1.829,0.352,1.135,0.334,0.395,0.102,0.092,0.089,1.911,1.26,1.245,0.646,1.904,0.34,1.207,0.331,0.408,0.094,0.092,0.097,0.611,0.466,0.272,0.385,0.368,0.197,0.276,0.362,0.404,0.089,0.092,0.094,0.608,0.456,0.271,0.366,0.367,0.193,0.278,0.354,0.426,0.09,0.087,0.089,0.621,0.447,0.283,0.371,0.357,0.193,0.267,0.355,0.437,0.091,0.085,0.09,0.628,0.449,0.273,0.352,0.345,0.187,0.259,0.339,0.429,0.087,0.087,0.091
600,8:59:38,30,1.291,1.282,1.293,0.463,1.303,0.293,1.322,0.322,0.384,0.092,0.104,0.088,1.895,1.431,1.119,0.513,1.74,0.295,1.167,0.333,0.404,0.108,0.087,0.135,1.928,1.246,1.164,0.543,1.831,0.352,1.136,0.334,0.395,0.102,0.092,0.089,1.91,1.26,1.246,0.646,1.905,0.339,1.21,0.331,0.408,0.094,0.092,0.097,0.61,0.466,0.272,0.391,0.368,0.198,0.276,0.362,0.404,0.09,0.092,0.094,0.608,0.456,0.271,0.366,0.367,0.193,0.278,0.354,0.426,0.09,0.087,0.089,0.622,0.447,0.283,0.371,0.357,0.204,0.267,0.355,0.437,0.091,0.085,0.09,0.63,0.45,0.276,0.353,0.345,0.187,0.259,0.339,0.426,0.087,0.087,0.091
600,9:19:39,30,1.276,1.282,1.294,0.463,1.301,0.292,1.333,0.322,0.384,0.092,0.111,0.088,1.891,1.431,1.119,0.513,1.74,0.295,1.167,0.333,0.404,0.108,0.086,0.135,1.933,1.246,1.165,0.543,1.831,0.352,1.135,0.334,0.395,0.102,0.092,0.089,1.906,1.261,1.244,0.646,1.906,0.34,1.21,0.331,0.408,0.094,0.092,0.097,0.611,0.466,0.272,0.391,0.368,0.197,0.276,0.362,0.404,0.089,0.092,0.094,0.608,0.456,0.271,0.366,0.367,0.193,0.278,0.354,0.426,0.09,0.087,0.089,0.623,0.447,0.283,0.371,0.357,0.193,0.267,0.355,0.438,0.091,0.085,0.09,0.624,0.45,0.274,0.357,0.345,0.187,0.259,0.339,0.424,0.087,0.087,0.091
600,9:39:40,30,1.283,1.282,1.291,0.463,1.301,0.292,1.328,0.322,0.383,0.092,0.108,0.088,1.893,1.432,1.12,0.514,1.742,0.295,1.167,0.333,0.404,0.108,0.086,0.137,1.932,1.248,1.165,0.543,1.834,0.352,1.134,0.334,0.395,0.102,0.091,0.089,1.909,1.262,1.246,0.647,1.906,0.34,1.21,0.332,0.408,0.094,0.092,0.097,0.611,0.466,0.272,0.391,0.368,0.198,0.276,0.362,0.404,0.089,0.092,0.095,0.608,0.456,0.271,0.366,0.367,0.193,0.278,0.354,0.426,0.09,0.087,0.089,0.624,0.447,0.283,0.371,0.357,0.203,0.267,0.355,0.437,0.091,0.085,0.09,0.628,0.45,0.277,0.359,0.345,0.187,0.259,0.339,0.423,0.087,0.087,0.091
600,9:59:41,30,1.307,1.283,1.291,0.463,1.3,0.293,1.325,0.322,0.383,0.092,0.105,0.088,1.89,1.434,1.121,0.513,1.744,0.295,1.168,0.333,0.404,0.108,0.086,0.135,1.932,1.249,1.167,0.543,1.834,0.351,1.136,0.334,0.395,0.102,0.091,0.089,1.906,1.263,1.246,0.648,1.908,0.34,1.211,0.331,0.408,0.094,0.092,0.097,0.611,0.466,0.272,0.388,0.368,0.198,0.276,0.362,0.404,0.09,0.092,0.094,0.608,0.456,0.271,0.366,0.367,0.193,0.278,0.354,0.426,0.09,0.087,0.089,0.624,0.447,0.283,0.371,0.357,0.193,0.267,0.355,0.437,0.091,0.085,0.09,0.629,0.449,0.291,0.357,0.345,0.187,0.259,0.339,0.425,0.087,0.087,0.091
600,10:19:42,30,1.306,1.283,1.29,0.463,1.299,0.293,1.328,0.322,0.383,0.092,0.098,0.088,1.89,1.432,1.12,0.513,1.745,0.294,1.168,0.333,0.404,0.108,0.086,0.135,1.935,1.249,1.166,0.543,1.835,0.351,1.135,0.334,0.395,0.102,0.091,0.089,1.909,1.262,1.246,0.648,1.908,0.34,1.21,0.331,0.408,0.094,0.092,0.097,0.612,0.466,0.272,0.39,0.368,0.199,0.276,0.362,0.404,0.089,0.092,0.094,0.609,0.456,0.271,0.366,0.367,0.193,0.279,0.354,0.426,0.089,0.087,0.089,0.625,0.447,0.283,0.372,0.357,0.193,0.267,0.355,0.437,0.091,0.085,0.09,0.627,0.449,0.277,0.36,0.345,0.187,0.259,0.339,0.423,0.087,0.087,0.091
600,10:39:43,30,1.268,1.283,1.291,0.463,1.298,0.293,1.323,0.322,0.383,0.092,0.11,0.088,1.889,1.434,1.121,0.513,1.747,0.294,1.168,0.333,0.404,0.108,0.086,0.136,1.935,1.251,1.167,0.543,1.835,0.351,1.135,0.334,0.395,0.102,0.092,0.089,1.909,1.263,1.247,0.648,1.909,0.34,1.212,0.332,0.408,0.094,0.092,0.097,0.612,0.466,0.272,0.389,0.368,0.197,0.276,0.362,0.404,0.089,0.092,0.095,0.608,0.456,0.271,0.366,0.367,0.193,0.278,0.354,0.427,0.09,0.087,0.089,0.627,0.447,0.283,0.371,0.357,0.193,0.267,0.355,0.438,0.091,0.085,0.09,0.627,0.45,0.278,0.36,0.345,0.187,0.259,0.339,0.419,0.087,0.087,0.091
600,10:59:44,30,1.233,1.284,1.288,0.463,1.296,0.293,1.322,0.322,0.383,0.092,0.1,0.088,1.886,1.434,1.122,0.513,1.748,0.294,1.168,0.333,0.404,0.108,0.086,0.135,1.931,1.251,1.167,0.542,1.838,0.351,1.134,0.334,0.396,0.102,0.092,0.089,1.908,1.264,1.247,0.649,1.91,0.34,1.211,0.331,0.408,0.094,0.092,0.097,0.615,0.466,0.272,0.389,0.368,0.197,0.276,0.362,0.404,0.089,0.092,0.094,0.608,0.456,0.271,0.366,0.367,0.193,0.278,0.354,0.426,0.09,0.087,0.089,0.628,0.447,0.283,0.371,0.357,0.193,0.267,0.355,0.437,0.091,0.085,0.09,0.626,0.449,0.293,0.362,0.345,0.187,0.259,0.339,0.425,0.087,0.087,0.091
600,11:19:45,30,1.222,1.284,1.289,0.463,1.295,0.292,1.335,0.322,0.383,0.092,0.098,0.088,1.883,1.435,1.121,0.513,1.75,0.294,1.17,0.333,0.404,0.108,0.086,0.135,1.93,1.251,1.168,0.542,1.836,0.351,1.134,0.335,0.395,0.102,0.092,0.089,1.905,1.265,1.246,0.648,1.91,0.34,1.208,0.331,0.408,0.094,0.092,0.097,0.612,0.466,0.272,0.389,0.368,0.197,0.276,0.362,0.404,0.09,0.092,0.094,0.608,0.456,0.272,0.366,0.367,0.194,0.278,0.354,0.426,0.09,0.087,0.089,0.628,0.447,0.283,0.371,0.357,0.193,0.267,0.355,0.438,0.091,0.085,0.09,0.622,0.449,0.276,0.353,0.345,0.187,0.259,0.339,0.42,0.087,0.087,0.091
600,11:39:46,30,1.249,1.284,1.287,0.463,1.294,0.292,1.321,0.322,0.383,0.092,0.097,0.088,1.885,1.434,1.122,0.512,1.751,0.294,1.167,0.333,0.405,0.108,0.086,0.137,1.932,1.251,1.167,0.542,1.84,0.35,1.134,0.334,0.395,0.102,0.092,0.089,1.907,1.264,1.246,0.649,1.911,0.34,1.209,0.331,0.408,0.094,0.093,0.097,0.612,0.466,0.272,0.389,0.368,0.197,0.276,0.362,0.404,0.089,0.092,0.094,0.609,0.456,0.272,0.366,0.367,0.193,0.278,0.354,0.426,0.09,0.087,0.089,0.631,0.447,0.283,0.371,0.357,0.193,0.267,0.355,0.438,0.091,0.085,0.09,0.627,0.449,0.276,0.354,0.345,0.187,0.258,0.339,0.428,0.087,0.087,0.091
600,11:59:47,30,1.306,1.285,1.287,0.465,1.294,0.292,1.326,0.322,0.383,0.092,0.101,0.087,1.882,1.435,1.122,0.512,1.753,0.294,1.169,0.333,0.404,0.108,0.086,0.134,1.931,1.251,1.168,0.542,1.839,0.351,1.134,0.334,0.395,0.102,0.091,0.089,1.906,1.265,1.247,0.649,1.911,0.341,1.207,0.332,0.408,0.094,0.092,0.097,0.613,0.466,0.272,0.39,0.368,0.197,0.276,0.362,0.404,0.089,0.092,0.094,0.609,0.456,0.272,0.366,0.367,0.194,0.278,0.354,0.426,0.09,0.087,0.089,0.631,0.447,0.283,0.371,0.357,0.193,0.267,0.355,0.437,0.091,0.085,0.09,0.627,0.449,0.274,0.352,0.345,0.187,0.258,0.339,0.422,0.087,0.087,0.091
600,12:19:48,30,1.282,1.287,1.287,0.465,1.294,0.292,1.325,0.321,0.383,0.092,0.099,0.088,1.882,1.439,1.122,0.512,1.754,0.294,1.169,0.333,0.404,0.107,0.086,0.135,1.932,1.254,1.168,0.542,1.842,0.351,1.134,0.334,0.395,0.102,0.091,0.089,1.906,1.266,1.247,0.649,1.913,0.341,1.204,0.331,0.408,0.094,0.092,0.097,0.614,0.466,0.272,0.391,0.368,0.198,0.276,0.362,0.404,0.089,0.092,0.094,0.609,0.456,0.272,0.366,0.367,0.193,0.278,0.354,0.426,0.09,0.087,0.089,0.634,0.447,0.283,0.371,0.357,0.193,0.267,0.355,0.438,0.091,0.085,0.091,0.627,0.449,0.275,0.352,0.345,0.187,0.259,0.339,0.422,0.088,0.087,0.091
600,12:39:49,30,1.257,1.287,1.286,0.466,1.295,0.292,1.334,0.321,0.383,0.092,0.101,0.088,1.887,1.436,1.122,0.512,1.754,0.294,1.168,0.333,0.404,0.107,0.086,0.136,1.934,1.252,1.168,0.542,1.843,0.35,1.133,0.334,0.395,0.102,0.091,0.089,1.91,1.267,1.248,0.648,1.913,0.341,1.201,0.331,0.408,0.094,0.092,0.097,0.614,0.466,0.272,0.385,0.368,0.198,0.276,0.362,0.404,0.089,0.092,0.094,0.609,0.456,0.272,0.366,0.367,0.193,0.278,0.354,0.426,0.09,0.087,0.089,0.636,0.447,0.283,0.371,0.357,0.2,0.267,0.355,0.436,0.091,0.085,0.09,0.621,0.449,0.276,0.356,0.345,0.187,0.259,0.338,0.424,0.088,0.087,0.091
600,12:59:50,30,1.223,1.287,1.284,0.467,1.293,0.292,1.331,0.321,0.383,0.092,0.1,0.088,1.887,1.434,1.123,0.511,1.757,0.294,1.168,0.333,0.404,0.107,0.086,0.135,1.935,1.253,1.169,0.542,1.843,0.35,1.133,0.335,0.395,0.102,0.092,0.089,1.908,1.266,1.249,0.65,1.914,0.341,1.203,0.331,0.408,0.094,0.092,0.097,0.618,0.466,0.272,0.385,0.368,0.197,0.276,0.362,0.404,0.09,0.092,0.094,0.61,0.456,0.272,0.366,0.367,0.193,0.278,0.354,0.426,0.09,0.087,0.089,0.638,0.447,0.284,0.371,0.357,0.193,0.267,0.355,0.436,0.091,0.085,0.091,0.624,0.449,0.28,0.362,0.344,0.191,0.259,0.338,0.423,0.088,0.087,0.091
600,13:19:51,30.1,1.21,1.287,1.283,0.467,1.292,0.291,1.322,0.321,0.383,0.092,0.101,0.088,1.889,1.436,1.124,0.511,1.758,0.294,1.166,0.333,0.404,0.107,0.086,0.136,1.937,1.253,1.168,0.542,1.846,0.35,1.132,0.334,0.395,0.102,0.091,0.089,1.91,1.267,1.249,0.65,1.915,0.342,1.206,0.331,0.408,0.094,0.092,0.097,0.615,0.466,0.272,0.382,0.368,0.197,0.276,0.362,0.404,0.089,0.092,0.095,0.61,0.456,0.272,0.366,0.367,0.193,0.278,0.354,0.426,0.09,0.087,0.089,0.639,0.447,0.283,0.371,0.357,0.192,0.267,0.355,0.436,0.091,0.085,0.09,0.627,0.449,0.277,0.351,0.344,0.195,0.258,0.338,0.428,0.088,0.087,0.091
600,13:39:52,30,1.216,1.288,1.282,0.467,1.291,0.292,1.324,0.321,0.383,0.092,0.1,0.088,1.889,1.435,1.124,0.511,1.76,0.293,1.164,0.333,0.404,0.107,0.086,0.137,1.942,1.253,1.168,0.541,1.846,0.35,1.133,0.334,0.395,0.102,0.091,0.089,1.91,1.267,1.249,0.65,1.915,0.342,1.208,0.332,0.409,0.094,0.092,0.097,0.616,0.465,0.272,0.384,0.368,0.206,0.276,0.362,0.404,0.089,0.092,0.094,0.61,0.456,0.271,0.366,0.367,0.193,0.278,0.354,0.426,0.09,0.087,0.089,0.642,0.447,0.283,0.371,0.357,0.193,0.267,0.355,0.436,0.091,0.085,0.091,0.626,0.449,0.277,0.353,0.344,0.187,0.258,0.338,0.425,0.088,0.088,0.091
600,13:59:53,30,1.211,1.288,1.281,0.466,1.292,0.292,1.329,0.321,0.383,0.093,0.099,0.088,1.889,1.437,1.124,0.51,1.761,0.293,1.162,0.333,0.405,0.107,0.086,0.138,1.942,1.256,1.168,0.541,1.847,0.35,1.131,0.334,0.395,0.102,0.092,0.089,1.907,1.268,1.249,0.65,1.916,0.341,1.211,0.332,0.408,0.094,0.092,0.097,0.615,0.465,0.272,0.384,0.368,0.198,0.276,0.362,0.404,0.089,0.092,0.094,0.61,0.456,0.272,0.366,0.367,0.193,0.278,0.354,0.426,0.09,0.087,0.089,0.642,0.447,0.283,0.371,0.357,0.192,0.267,0.355,0.436,0.091,0.085,0.091,0.622,0.449,0.275,0.351,0.344,0.187,0.258,0.338,0.425,0.088,0.088,0.091
600,14:19:54,30.1,1.196,1.288,1.279,0.467,1.29,0.292,1.333,0.321,0.383,0.092,0.109,0.088,1.888,1.435,1.125,0.51,1.762,0.293,1.162,0.333,0.404,0.107,0.086,0.136,1.944,1.256,1.171,0.541,1.849,0.349,1.131,0.334,0.395,0.102,0.092,0.089,1.905,1.269,1.25,0.65,1.917,0.341,1.211,0.331,0.408,0.094,0.092,0.097,0.616,0.465,0.272,0.39,0.368,0.197,0.276,0.362,0.404,0.09,0.092,0.095,0.611,0.456,0.271,0.366,0.367,0.193,0.278,0.354,0.426,0.09,0.087,0.089,0.642,0.447,0.283,0.371,0.357,0.192,0.267,0.355,0.437,0.091,0.085,0.09,0.619,0.449,0.277,0.357,0.344,0.188,0.258,0.338,0.425,0.088,0.087,0.091
600,14:39:55,30,1.2,1.289,1.276,0.468,1.29,0.291,1.33,0.321,0.383,0.092,0.095,0.088,1.892,1.433,1.125,0.51,1.764,0.293,1.16,0.333,0.404,0.107,0.086,0.137,1.953,1.256,1.169,0.541,1.849,0.349,1.131,0.334,0.395,0.102,0.091,0.089,1.91,1.269,1.25,0.65,1.918,0.341,1.211,0.331,0.41,0.094,0.092,0.097,0.619,0.465,0.272,0.389,0.368,0.197,0.276,0.362,0.404,0.09,0.092,0.094,0.611,0.456,0.272,0.366,0.367,0.193,0.278,0.354,0.425,0.09,0.087,0.089,0.645,0.447,0.283,0.37,0.357,0.192,0.267,0.355,0.435,0.091,0.085,0.091,0.623,0.449,0.271,0.351,0.344,0.186,0.258,0.338,0.425,0.088,0.087,0.091
600,14:59:56,30,1.212,1.29,1.276,0.467,1.287,0.291,1.326,0.32,0.383,0.092,0.105,0.088,1.892,1.438,1.125,0.509,1.766,0.292,1.158,0.333,0.404,0.107,0.086,0.136,1.955,1.256,1.169,0.541,1.851,0.349,1.13,0.334,0.395,0.102,0.091,0.089,1.907,1.27,1.25,0.65,1.919,0.34,1.211,0.331,0.408,0.094,0.092,0.097,0.618,0.465,0.272,0.39,0.368,0.21,0.276,0.362,0.404,0.089,0.092,0.095,0.611,0.456,0.272,0.365,0.366,0.194,0.278,0.354,0.426,0.09,0.087,0.089,0.647,0.446,0.283,0.37,0.357,0.193,0.267,0.355,0.436,0.091,0.085,0.09,0.625,0.449,0.272,0.352,0.344,0.187,0.258,0.338,0.422,0.088,0.087,0.091
600,15:19:57,30,1.242,1.292,1.273,0.467,1.287,0.291,1.326,0.321,0.383,0.092,0.113,0.088,1.888,1.441,1.125,0.509,1.766,0.292,1.158,0.333,0.404,0.107,0.086,0.136,1.95,1.258,1.172,0.542,1.852,0.349,1.13,0.334,0.395,0.102,0.091,0.089,1.905,1.271,1.251,0.651,1.919,0.341,1.212,0.331,0.408,0.094,0.092,0.097,0.619,0.465,0.272,0.389,0.368,0.197,0.276,0.362,0.404,0.09,0.092,0.095,0.611,0.456,0.272,0.365,0.367,0.193,0.278,0.354,0.426,0.09,0.087,0.089,0.647,0.446,0.283,0.37,0.357,0.192,0.272,0.355,0.436,0.091,0.085,0.09,0.623,0.449,0.277,0.351,0.344,0.187,0.258,0.338,0.423,0.088,0.088,0.091
600,15:39:58,30,1.328,1.291,1.272,0.468,1.287,0.291,1.333,0.321,0.383,0.092,0.107,0.088,1.886,1.44,1.125,0.509,1.768,0.292,1.16,0.333,0.404,0.107,0.086,0.137,1.951,1.258,1.172,0.541,1.853,0.349,1.13,0.334,0.395,0.102,0.091,0.089,1.904,1.272,1.252,0.651,1.919,0.341,1.21,0.331,0.408,0.094,0.092,0.097,0.624,0.465,0.272,0.389,0.368,0.198,0.276,0.362,0.404,0.089,0.092,0.095,0.612,0.456,0.272,0.365,0.366,0.193,0.278,0.354,0.425,0.09,0.087,0.089,0.647,0.446,0.283,0.37,0.357,0.193,0.267,0.355,0.436,0.091,0.085,0.091,0.619,0.449,0.278,0.354,0.344,0.187,0.258,0.338,0.422,0.088,0.087,0.091
600,15:59:59,30,1.456,1.291,1.272,0.467,1.285,0.291,1.338,0.32,0.383,0.092,0.107,0.088,1.885,1.439,1.125,0.509,1.769,0.292,1.157,0.333,0.404,0.107,0.086,0.137,1.949,1.258,1.17,0.541,1.854,0.349,1.129,0.334,0.395,0.102,0.091,0.089,1.903,1.272,1.251,0.651,1.92,0.341,1.21,0.331,0.408,0.094,0.092,0.097,0.619,0.465,0.272,0.39,0.368,0.197,0.276,0.362,0.404,0.09,0.092,0.095,0.612,0.455,0.272,0.366,0.367,0.193,0.278,0.354,0.426,0.09,0.087,0.089,0.647,0.446,0.283,0.37,0.357,0.193,0.267,0.355,0.437,0.091,0.085,0.09,0.617,0.449,0.272,0.351,0.344,0.187,0.258,0.338,0.423,0.088,0.087,0.091
600,16:20:00,30,1.478,1.292,1.269,0.467,1.284,0.291,1.338,0.32,0.383,0.093,0.101,0.088,1.886,1.441,1.126,0.509,1.77,0.292,1.157,0.333,0.404,0.107,0.086,0.137,1.949,1.259,1.172,0.541,1.854,0.348,1.129,0.334,0.395,0.102,0.092,0.089,1.906,1.272,1.252,0.651,1.921,0.341,1.208,0.331,0.408,0.094,0.092,0.097,0.619,0.465,0.272,0.388,0.368,0.198,0.276,0.362,0.404,0.09,0.092,0.095,0.613,0.456,0.272,0.366,0.367,0.193,0.278,0.354,0.425,0.089,0.087,0.089,0.649,0.446,0.283,0.37,0.357,0.195,0.267,0.355,0.436,0.091,0.085,0.09,0.617,0.449,0.276,0.352,0.344,0.187,0.258,0.338,0.424,0.088,0.087,0.091
600,16:40:01,30.1,1.477,1.291,1.267,0.467,1.281,0.291,1.336,0.32,0.383,0.093,0.094,0.088,1.888,1.437,1.126,0.509,1.772,0.292,1.157,0.333,0.405,0.107,0.086,0.137,1.949,1.261,1.172,0.541,1.857,0.348,1.129,0.334,0.395,0.102,0.091,0.089,1.903,1.272,1.251,0.651,1.923,0.341,1.21,0.331,0.408,0.094,0.092,0.097,0.624,0.465,0.272,0.389,0.368,0.198,0.276,0.361,0.404,0.09,0.092,0.095,0.613,0.455,0.272,0.365,0.367,0.193,0.278,0.354,0.425,0.09,0.087,0.089,0.65,0.446,0.283,0.371,0.357,0.192,0.267,0.355,0.436,0.091,0.085,0.09,0.618,0.448,0.277,0.354,0.344,0.187,0.258,0.338,0.426,0.088,0.087,0.091
600,17:00:02,30,1.534,1.291,1.265,0.467,1.28,0.291,1.328,0.32,0.383,0.092,0.105,0.088,1.89,1.444,1.126,0.509,1.774,0.292,1.16,0.333,0.404,0.107,0.086,0.137,1.949,1.261,1.173,0.541,1.858,0.348,1.13,0.334,0.395,0.102,0.091,0.089,1.907,1.273,1.252,0.651,1.924,0.341,1.208,0.331,0.408,0.094,0.092,0.097,0.622,0.465,0.272,0.385,0.368,0.197,0.276,0.362,0.404,0.089,0.092,0.095,0.614,0.455,0.272,0.366,0.367,0.194,0.278,0.354,0.426,0.09,0.087,0.089,0.652,0.446,0.283,0.37,0.357,0.192,0.267,0.355,0.436,0.091,0.085,0.09,0.622,0.448,0.274,0.354,0.344,0.187,0.258,0.338,0.425,0.088,0.087,0.091
,,,,,,,,,,,,,,,,,,,,,,,,,,,,,,,,,,,,,,,,,,,,,,,,,,,,,,,,,,,,,,,,,,,,,,,,,,,,,,,,,,,,,,,,,,,,,,,,,,
,,,,,,,,,,,,,,,,,,,,,,,,,,,,,,,,,,,,,,,,,,,,,,,,,,,,,,,,,,,,,,,,,,,,,,,,,,,,,,,,,,,,,,,,,,,,,,,,,,
,,,,,,,,,,,,,,,,,,,,,,,,,,,,,,,,,,,,,,,,,,,,,,,,,,,,,,,,,,,,,,,,,,,,,,,,,,,,,,,,,,,,,,,,,,,,,,,,,,
,,,,,,,,,,,,,,,,,,,,,,,,,,,,,,,,,,,,,,,,,,,,,,,,,,,,,,,,,,,,,,,,,,,,,,,,,,,,,,,,,,,,,,,,,,,,,,,,,,
730,0:39:37,30,0.662,0.848,1.005,0.212,0.779,0.172,0.624,0.158,0.174,0.087,0.099,0.084,0.818,0.933,0.97,0.329,1.138,0.223,0.678,0.154,0.19,0.206,0.227,0.13,0.832,0.801,1.036,0.37,1.243,0.303,0.709,0.153,0.181,0.225,0.25,0.088,0.858,0.812,1.125,0.443,1.294,0.306,0.763,0.156,0.189,0.216,0.247,0.094,0.225,0.22,0.255,0.287,0.28,0.217,0.174,0.157,0.186,0.218,0.253,0.093,0.224,0.215,0.25,0.28,0.285,0.2,0.14,0.153,0.194,0.209,0.243,0.088,0.239,0.209,0.244,0.253,0.241,0.164,0.121,0.155,0.205,0.192,0.234,0.088,0.323,0.217,0.162,0.137,0.139,0.107,0.119,0.149,0.202,0.086,0.087,0.088
730,0:59:38,30,0.664,0.848,1.012,0.212,0.777,0.172,0.672,0.159,0.174,0.087,0.092,0.084,0.807,0.936,0.87,0.222,1.037,0.174,0.653,0.154,0.19,0.1,0.167,0.135,0.815,0.802,0.943,0.273,1.136,0.201,0.621,0.153,0.179,0.123,0.192,0.091,0.843,0.813,1.041,0.358,1.2,0.195,0.664,0.157,0.187,0.115,0.191,0.094,0.225,0.22,0.153,0.191,0.16,0.113,0.12,0.157,0.186,0.095,0.198,0.093,0.225,0.215,0.136,0.151,0.147,0.11,0.124,0.153,0.195,0.091,0.189,0.088,0.242,0.209,0.132,0.143,0.143,0.112,0.121,0.155,0.205,0.089,0.178,0.088,0.293,0.217,0.165,0.137,0.139,0.107,0.119,0.149,0.203,0.086,0.087,0.088
730,1:19:39,30.1,0.664,0.85,1.02,0.213,0.778,0.172,0.688,0.159,0.174,0.087,0.09,0.084,0.811,0.938,0.869,0.223,1.039,0.175,0.653,0.154,0.19,0.1,0.114,0.135,0.809,0.803,0.92,0.241,1.117,0.203,0.623,0.153,0.179,0.096,0.158,0.088,0.839,0.813,1,0.31,1.165,0.196,0.666,0.157,0.187,0.093,0.16,0.094,0.226,0.22,0.123,0.158,0.144,0.119,0.12,0.157,0.186,0.09,0.167,0.093,0.225,0.216,0.122,0.142,0.146,0.114,0.124,0.153,0.194,0.09,0.16,0.088,0.244,0.209,0.132,0.145,0.144,0.112,0.121,0.155,0.205,0.089,0.141,0.088,0.286,0.217,0.168,0.138,0.139,0.107,0.119,0.149,0.202,0.086,0.087,0.088
730,1:39:40,30,0.667,0.849,1.026,0.214,0.778,0.172,0.695,0.159,0.174,0.087,0.093,0.084,0.826,0.937,0.868,0.223,1.039,0.176,0.651,0.154,0.189,0.1,0.089,0.134,0.814,0.804,0.916,0.242,1.117,0.204,0.622,0.153,0.179,0.097,0.133,0.088,0.842,0.814,1,0.312,1.165,0.198,0.669,0.157,0.187,0.093,0.138,0.094,0.226,0.22,0.123,0.158,0.144,0.113,0.12,0.157,0.186,0.09,0.147,0.093,0.225,0.216,0.123,0.143,0.146,0.11,0.124,0.153,0.194,0.09,0.14,0.088,0.242,0.209,0.132,0.143,0.144,0.112,0.121,0.155,0.206,0.089,0.103,0.088,0.283,0.217,0.133,0.141,0.14,0.107,0.123,0.149,0.201,0.086,0.087,0.088
730,1:59:41,30,0.673,0.85,1.024,0.215,0.778,0.172,0.691,0.159,0.174,0.087,0.1,0.084,0.833,0.94,0.869,0.223,1.041,0.177,0.648,0.154,0.189,0.1,0.088,0.135,0.816,0.806,0.916,0.242,1.116,0.205,0.621,0.153,0.179,0.097,0.106,0.088,0.844,0.817,1,0.313,1.164,0.2,0.671,0.157,0.187,0.093,0.118,0.094,0.226,0.22,0.123,0.155,0.144,0.114,0.12,0.157,0.187,0.09,0.13,0.093,0.225,0.216,0.123,0.143,0.147,0.11,0.123,0.153,0.194,0.09,0.123,0.088,0.241,0.209,0.132,0.143,0.144,0.111,0.126,0.155,0.207,0.089,0.086,0.088,0.287,0.217,0.13,0.142,0.139,0.107,0.119,0.149,0.2,0.086,0.087,0.088
730,2:19:42,30,0.672,0.85,1.025,0.214,0.778,0.172,0.697,0.159,0.174,0.087,0.095,0.084,0.835,0.94,0.868,0.224,1.042,0.176,0.645,0.154,0.19,0.1,0.088,0.134,0.82,0.806,0.915,0.242,1.117,0.206,0.621,0.153,0.179,0.096,0.092,0.088,0.847,0.818,1,0.314,1.166,0.201,0.673,0.157,0.187,0.093,0.102,0.094,0.226,0.221,0.123,0.158,0.144,0.114,0.121,0.157,0.186,0.09,0.112,0.093,0.225,0.216,0.123,0.143,0.147,0.11,0.124,0.153,0.194,0.09,0.106,0.088,0.24,0.209,0.132,0.143,0.144,0.112,0.121,0.155,0.206,0.09,0.086,0.088,0.284,0.217,0.132,0.142,0.139,0.107,0.119,0.149,0.2,0.086,0.087,0.088
730,2:39:43,30,0.675,0.85,1.026,0.214,0.778,0.172,0.703,0.158,0.174,0.087,0.096,0.084,0.84,0.938,0.869,0.224,1.043,0.174,0.643,0.154,0.19,0.1,0.088,0.135,0.824,0.807,0.915,0.242,1.117,0.206,0.62,0.153,0.179,0.096,0.092,0.088,0.851,0.818,1.001,0.315,1.165,0.2,0.677,0.156,0.187,0.093,0.093,0.094,0.226,0.22,0.123,0.157,0.144,0.113,0.121,0.157,0.186,0.09,0.095,0.093,0.225,0.216,0.123,0.143,0.147,0.114,0.124,0.153,0.194,0.09,0.091,0.088,0.24,0.209,0.133,0.145,0.144,0.111,0.121,0.155,0.207,0.09,0.086,0.088,0.281,0.217,0.134,0.141,0.139,0.107,0.119,0.149,0.199,0.086,0.087,0.088
730,2:59:44,30,0.679,0.852,1.025,0.215,0.775,0.172,0.7,0.158,0.174,0.087,0.088,0.084,0.841,0.942,0.869,0.224,1.044,0.172,0.641,0.154,0.19,0.1,0.089,0.135,0.824,0.806,0.915,0.242,1.117,0.206,0.618,0.153,0.18,0.096,0.092,0.088,0.851,0.819,1,0.315,1.166,0.201,0.672,0.156,0.187,0.093,0.092,0.094,0.226,0.22,0.123,0.153,0.144,0.113,0.12,0.157,0.186,0.09,0.092,0.093,0.225,0.216,0.123,0.143,0.147,0.113,0.124,0.153,0.194,0.09,0.088,0.088,0.239,0.209,0.132,0.144,0.144,0.111,0.122,0.155,0.206,0.089,0.086,0.088,0.284,0.217,0.131,0.139,0.139,0.107,0.119,0.149,0.203,0.086,0.087,0.088
730,3:19:45,30,0.678,0.851,1.024,0.214,0.769,0.172,0.7,0.158,0.174,0.087,0.095,0.084,0.843,0.937,0.87,0.223,1.046,0.171,0.64,0.154,0.189,0.1,0.088,0.134,0.827,0.809,0.915,0.242,1.119,0.206,0.617,0.153,0.179,0.096,0.092,0.088,0.852,0.818,1,0.315,1.167,0.201,0.668,0.156,0.187,0.093,0.092,0.094,0.226,0.221,0.123,0.153,0.144,0.117,0.121,0.157,0.186,0.09,0.092,0.093,0.225,0.216,0.123,0.143,0.147,0.11,0.124,0.153,0.194,0.09,0.088,0.088,0.238,0.209,0.132,0.144,0.144,0.112,0.125,0.155,0.207,0.089,0.086,0.088,0.285,0.217,0.162,0.139,0.139,0.107,0.119,0.149,0.199,0.086,0.087,0.088
730,3:39:46,30,0.682,0.852,1.025,0.214,0.761,0.172,0.701,0.158,0.174,0.088,0.092,0.084,0.841,0.944,0.87,0.223,1.046,0.17,0.639,0.154,0.189,0.1,0.088,0.133,0.829,0.808,0.916,0.242,1.119,0.207,0.612,0.153,0.179,0.097,0.092,0.088,0.852,0.819,1,0.316,1.167,0.202,0.668,0.156,0.187,0.093,0.092,0.094,0.226,0.22,0.123,0.152,0.144,0.114,0.12,0.157,0.186,0.09,0.092,0.093,0.225,0.216,0.123,0.143,0.147,0.11,0.124,0.153,0.194,0.09,0.088,0.088,0.24,0.209,0.132,0.143,0.144,0.111,0.121,0.155,0.206,0.089,0.086,0.088,0.287,0.217,0.135,0.138,0.139,0.107,0.119,0.149,0.203,0.086,0.087,0.088
730,3:59:47,30,0.684,0.852,1.025,0.215,0.757,0.172,0.71,0.158,0.174,0.087,0.094,0.084,0.843,0.941,0.87,0.223,1.048,0.17,0.639,0.154,0.189,0.1,0.088,0.133,0.833,0.809,0.915,0.242,1.119,0.206,0.609,0.153,0.179,0.096,0.092,0.087,0.855,0.819,1,0.316,1.166,0.202,0.67,0.156,0.187,0.093,0.092,0.094,0.228,0.22,0.123,0.158,0.144,0.115,0.121,0.157,0.186,0.09,0.092,0.093,0.225,0.216,0.123,0.143,0.147,0.11,0.124,0.153,0.194,0.09,0.088,0.088,0.24,0.209,0.132,0.143,0.144,0.112,0.121,0.155,0.207,0.089,0.086,0.088,0.281,0.217,0.132,0.138,0.139,0.107,0.119,0.149,0.202,0.086,0.087,0.088
730,4:19:48,30,0.684,0.852,1.026,0.215,0.753,0.172,0.706,0.158,0.174,0.087,0.092,0.084,0.843,0.938,0.871,0.223,1.049,0.17,0.637,0.154,0.189,0.1,0.088,0.134,0.833,0.81,0.916,0.242,1.12,0.206,0.611,0.154,0.179,0.096,0.092,0.088,0.857,0.82,0.999,0.316,1.168,0.202,0.673,0.156,0.187,0.093,0.092,0.094,0.226,0.22,0.123,0.155,0.144,0.119,0.12,0.157,0.186,0.09,0.092,0.093,0.225,0.216,0.123,0.143,0.147,0.11,0.124,0.153,0.194,0.09,0.088,0.088,0.24,0.209,0.132,0.144,0.144,0.112,0.126,0.155,0.206,0.089,0.086,0.088,0.284,0.217,0.129,0.138,0.139,0.107,0.119,0.149,0.201,0.086,0.087,0.088
730,4:39:49,30,0.684,0.852,1.025,0.216,0.75,0.172,0.706,0.158,0.174,0.087,0.094,0.084,0.841,0.942,0.871,0.223,1.049,0.169,0.636,0.154,0.189,0.1,0.088,0.134,0.834,0.81,0.916,0.242,1.121,0.206,0.617,0.153,0.179,0.097,0.092,0.088,0.855,0.82,1,0.316,1.168,0.201,0.678,0.156,0.187,0.093,0.092,0.094,0.226,0.22,0.123,0.153,0.144,0.113,0.121,0.157,0.186,0.09,0.092,0.093,0.225,0.216,0.123,0.143,0.147,0.112,0.124,0.153,0.194,0.09,0.088,0.088,0.24,0.209,0.133,0.144,0.144,0.112,0.126,0.155,0.207,0.089,0.086,0.089,0.285,0.217,0.132,0.138,0.139,0.107,0.119,0.149,0.198,0.086,0.087,0.088
730,4:59:50,30,0.674,0.854,1.025,0.216,0.749,0.172,0.712,0.158,0.174,0.087,0.092,0.084,0.843,0.945,0.871,0.223,1.051,0.169,0.635,0.154,0.19,0.1,0.088,0.134,0.834,0.81,0.917,0.242,1.122,0.206,0.619,0.153,0.179,0.096,0.092,0.088,0.857,0.82,1,0.316,1.169,0.201,0.678,0.157,0.187,0.093,0.092,0.094,0.226,0.22,0.124,0.153,0.144,0.114,0.121,0.157,0.186,0.09,0.092,0.093,0.225,0.215,0.123,0.143,0.147,0.11,0.124,0.153,0.194,0.09,0.088,0.088,0.24,0.209,0.132,0.144,0.144,0.115,0.121,0.155,0.206,0.09,0.086,0.088,0.281,0.217,0.127,0.138,0.139,0.107,0.119,0.149,0.2,0.086,0.087,0.088
730,5:19:51,30,0.67,0.854,1.025,0.216,0.747,0.172,0.707,0.158,0.174,0.087,0.092,0.084,0.843,0.946,0.872,0.223,1.053,0.169,0.635,0.154,0.189,0.1,0.088,0.133,0.835,0.811,0.916,0.242,1.123,0.205,0.619,0.153,0.179,0.096,0.091,0.087,0.858,0.82,1.001,0.316,1.169,0.201,0.677,0.156,0.187,0.093,0.093,0.094,0.227,0.22,0.123,0.155,0.144,0.113,0.121,0.157,0.187,0.09,0.092,0.093,0.225,0.216,0.123,0.143,0.147,0.11,0.124,0.153,0.194,0.09,0.088,0.088,0.241,0.209,0.132,0.144,0.144,0.111,0.126,0.155,0.207,0.089,0.086,0.088,0.286,0.217,0.13,0.138,0.139,0.107,0.119,0.149,0.2,0.086,0.087,0.088
730,5:39:52,30,0.658,0.854,1.024,0.216,0.745,0.172,0.708,0.158,0.174,0.087,0.091,0.084,0.841,0.945,0.871,0.223,1.053,0.169,0.635,0.154,0.189,0.1,0.088,0.133,0.836,0.81,0.917,0.242,1.124,0.205,0.619,0.153,0.18,0.096,0.093,0.088,0.859,0.821,1,0.316,1.169,0.2,0.676,0.156,0.187,0.093,0.092,0.094,0.227,0.22,0.123,0.153,0.144,0.113,0.121,0.157,0.186,0.09,0.092,0.093,0.225,0.215,0.123,0.143,0.147,0.11,0.124,0.153,0.194,0.09,0.088,0.088,0.244,0.209,0.132,0.144,0.144,0.112,0.121,0.155,0.206,0.089,0.086,0.088,0.284,0.217,0.131,0.138,0.139,0.107,0.119,0.149,0.2,0.086,0.087,0.088
730,5:59:53,30,0.648,0.854,1.024,0.216,0.743,0.172,0.713,0.158,0.174,0.087,0.091,0.084,0.841,0.944,0.872,0.223,1.054,0.169,0.635,0.154,0.189,0.1,0.088,0.134,0.836,0.81,0.917,0.242,1.124,0.205,0.62,0.153,0.179,0.096,0.092,0.088,0.858,0.821,1,0.316,1.17,0.201,0.677,0.156,0.187,0.093,0.092,0.094,0.227,0.22,0.124,0.156,0.144,0.113,0.121,0.157,0.186,0.09,0.092,0.093,0.225,0.215,0.123,0.143,0.147,0.11,0.124,0.153,0.194,0.09,0.088,0.088,0.242,0.209,0.132,0.144,0.144,0.111,0.124,0.155,0.206,0.089,0.086,0.088,0.282,0.217,0.131,0.138,0.139,0.108,0.119,0.149,0.204,0.086,0.087,0.088
730,6:19:54,30,0.639,0.854,1.022,0.216,0.742,0.172,0.71,0.158,0.174,0.087,0.099,0.084,0.842,0.946,0.872,0.222,1.056,0.168,0.634,0.154,0.189,0.1,0.088,0.134,0.836,0.811,0.918,0.242,1.125,0.205,0.619,0.153,0.179,0.096,0.092,0.088,0.859,0.821,1,0.317,1.171,0.2,0.678,0.156,0.187,0.093,0.092,0.094,0.227,0.22,0.123,0.155,0.144,0.113,0.12,0.157,0.186,0.09,0.092,0.093,0.225,0.216,0.123,0.143,0.147,0.11,0.124,0.153,0.195,0.09,0.088,0.088,0.243,0.209,0.132,0.144,0.144,0.111,0.126,0.155,0.206,0.089,0.086,0.088,0.285,0.217,0.129,0.137,0.139,0.107,0.119,0.148,0.201,0.086,0.087,0.088
730,6:39:55,30,0.635,0.854,1.021,0.216,0.74,0.172,0.71,0.158,0.174,0.087,0.087,0.084,0.841,0.947,0.871,0.222,1.057,0.168,0.634,0.154,0.189,0.1,0.088,0.133,0.836,0.811,0.919,0.242,1.126,0.204,0.62,0.153,0.179,0.096,0.092,0.088,0.859,0.821,1,0.317,1.172,0.2,0.678,0.156,0.187,0.093,0.092,0.094,0.227,0.22,0.123,0.156,0.144,0.115,0.121,0.157,0.186,0.09,0.092,0.093,0.225,0.216,0.123,0.143,0.147,0.11,0.124,0.153,0.194,0.09,0.088,0.088,0.244,0.209,0.132,0.145,0.145,0.112,0.121,0.155,0.206,0.09,0.086,0.088,0.285,0.217,0.163,0.138,0.139,0.107,0.119,0.149,0.202,0.086,0.087,0.088
730,6:59:56,30,0.623,0.855,1.021,0.216,0.739,0.172,0.707,0.158,0.174,0.087,0.099,0.084,0.841,0.948,0.873,0.222,1.058,0.168,0.634,0.154,0.189,0.1,0.088,0.133,0.838,0.813,0.918,0.242,1.128,0.204,0.619,0.153,0.179,0.096,0.092,0.088,0.86,0.821,1.001,0.317,1.173,0.2,0.674,0.156,0.187,0.093,0.092,0.094,0.227,0.22,0.124,0.153,0.144,0.113,0.12,0.157,0.186,0.09,0.092,0.093,0.225,0.215,0.123,0.142,0.147,0.11,0.124,0.153,0.194,0.09,0.088,0.088,0.244,0.208,0.133,0.144,0.145,0.111,0.126,0.155,0.207,0.089,0.086,0.088,0.286,0.217,0.128,0.138,0.139,0.107,0.119,0.148,0.199,0.086,0.087,0.088
730,7:19:57,30,0.612,0.856,1.02,0.215,0.739,0.172,0.708,0.158,0.174,0.087,0.095,0.084,0.84,0.944,0.874,0.222,1.059,0.168,0.634,0.154,0.189,0.1,0.088,0.134,0.838,0.813,0.918,0.242,1.129,0.204,0.619,0.153,0.179,0.096,0.092,0.088,0.859,0.822,1,0.317,1.173,0.2,0.671,0.156,0.187,0.093,0.092,0.094,0.227,0.22,0.123,0.153,0.144,0.114,0.121,0.157,0.186,0.09,0.092,0.093,0.225,0.215,0.123,0.143,0.147,0.11,0.124,0.153,0.194,0.09,0.088,0.088,0.245,0.208,0.132,0.144,0.144,0.116,0.121,0.155,0.206,0.089,0.086,0.088,0.285,0.217,0.129,0.138,0.139,0.107,0.119,0.148,0.2,0.086,0.087,0.088
730,7:39:58,30,0.601,0.856,1.02,0.215,0.737,0.172,0.711,0.158,0.174,0.087,0.098,0.084,0.838,0.947,0.873,0.222,1.06,0.168,0.634,0.154,0.189,0.1,0.088,0.133,0.839,0.811,0.918,0.242,1.129,0.204,0.619,0.153,0.179,0.096,0.092,0.087,0.859,0.822,1.001,0.317,1.174,0.2,0.668,0.156,0.187,0.093,0.092,0.094,0.227,0.22,0.123,0.156,0.144,0.113,0.121,0.157,0.186,0.09,0.092,0.093,0.225,0.215,0.123,0.143,0.147,0.11,0.124,0.153,0.194,0.09,0.088,0.088,0.245,0.208,0.132,0.143,0.144,0.111,0.121,0.155,0.207,0.089,0.086,0.088,0.285,0.217,0.131,0.138,0.139,0.107,0.119,0.149,0.2,0.086,0.087,0.088
730,7:59:59,30,0.593,0.856,1.02,0.215,0.736,0.172,0.711,0.158,0.174,0.087,0.088,0.084,0.84,0.948,0.874,0.222,1.062,0.168,0.634,0.154,0.189,0.1,0.088,0.133,0.841,0.812,0.92,0.242,1.131,0.203,0.619,0.153,0.179,0.096,0.092,0.088,0.859,0.822,1.001,0.317,1.174,0.201,0.667,0.156,0.187,0.093,0.092,0.094,0.227,0.22,0.123,0.156,0.144,0.113,0.121,0.157,0.186,0.09,0.092,0.093,0.225,0.215,0.123,0.143,0.147,0.11,0.124,0.153,0.194,0.09,0.088,0.088,0.247,0.208,0.132,0.144,0.144,0.112,0.121,0.155,0.207,0.089,0.086,0.088,0.286,0.217,0.132,0.138,0.139,0.107,0.119,0.149,0.204,0.086,0.087,0.088
730,8:20:00,30,0.587,0.857,1.02,0.216,0.734,0.172,0.72,0.158,0.174,0.087,0.091,0.084,0.835,0.948,0.872,0.222,1.062,0.168,0.635,0.154,0.189,0.1,0.088,0.132,0.844,0.813,0.919,0.242,1.131,0.203,0.619,0.153,0.179,0.096,0.092,0.087,0.858,0.823,1.001,0.316,1.175,0.201,0.669,0.156,0.187,0.093,0.092,0.094,0.228,0.22,0.123,0.154,0.144,0.113,0.121,0.157,0.186,0.09,0.092,0.093,0.226,0.216,0.123,0.143,0.147,0.11,0.124,0.153,0.194,0.09,0.088,0.088,0.246,0.209,0.133,0.144,0.145,0.112,0.122,0.155,0.207,0.09,0.086,0.088,0.279,0.217,0.13,0.138,0.139,0.107,0.119,0.148,0.2,0.086,0.087,0.088
730,8:40:01,30,0.588,0.857,1.019,0.216,0.734,0.172,0.715,0.158,0.174,0.087,0.107,0.084,0.84,0.951,0.874,0.222,1.064,0.168,0.634,0.154,0.189,0.1,0.088,0.134,0.845,0.814,0.918,0.242,1.131,0.203,0.619,0.153,0.179,0.096,0.092,0.088,0.859,0.823,1.002,0.317,1.176,0.2,0.671,0.156,0.187,0.093,0.092,0.094,0.228,0.22,0.123,0.155,0.145,0.114,0.121,0.157,0.186,0.09,0.092,0.093,0.226,0.215,0.123,0.143,0.147,0.11,0.124,0.153,0.194,0.09,0.088,0.088,0.249,0.208,0.132,0.144,0.145,0.112,0.123,0.155,0.206,0.09,0.086,0.088,0.283,0.217,0.132,0.138,0.139,0.107,0.119,0.149,0.201,0.086,0.087,0.088
730,9:00:02,30,0.582,0.857,1.02,0.215,0.733,0.172,0.717,0.158,0.174,0.087,0.093,0.084,0.841,0.95,0.874,0.222,1.065,0.168,0.634,0.154,0.189,0.1,0.088,0.134,0.847,0.815,0.919,0.242,1.133,0.203,0.619,0.153,0.179,0.097,0.092,0.088,0.86,0.823,1.001,0.317,1.176,0.2,0.672,0.156,0.187,0.093,0.092,0.094,0.228,0.22,0.123,0.156,0.144,0.113,0.121,0.157,0.186,0.09,0.092,0.093,0.226,0.215,0.123,0.143,0.147,0.114,0.124,0.153,0.194,0.09,0.088,0.088,0.249,0.209,0.132,0.144,0.144,0.112,0.121,0.155,0.206,0.089,0.086,0.088,0.282,0.217,0.129,0.138,0.139,0.107,0.119,0.149,0.203,0.086,0.087,0.088
730,9:20:03,30,0.589,0.857,1.018,0.215,0.732,0.172,0.714,0.158,0.174,0.087,0.103,0.084,0.84,0.947,0.875,0.222,1.067,0.168,0.635,0.154,0.189,0.1,0.088,0.133,0.848,0.814,0.92,0.242,1.133,0.202,0.619,0.153,0.179,0.096,0.092,0.087,0.859,0.823,1.002,0.317,1.177,0.2,0.675,0.156,0.187,0.093,0.092,0.094,0.228,0.22,0.123,0.155,0.144,0.113,0.121,0.157,0.186,0.09,0.092,0.093,0.226,0.215,0.123,0.143,0.147,0.111,0.124,0.153,0.194,0.09,0.088,0.088,0.249,0.21,0.132,0.143,0.144,0.112,0.123,0.155,0.206,0.089,0.086,0.088,0.285,0.217,0.143,0.138,0.139,0.107,0.119,0.148,0.2,0.086,0.087,0.088
730,9:40:04,30,0.572,0.858,1.019,0.215,0.731,0.172,0.723,0.158,0.174,0.087,0.096,0.084,0.84,0.953,0.874,0.221,1.068,0.168,0.635,0.154,0.189,0.1,0.088,0.134,0.853,0.814,0.92,0.242,1.134,0.202,0.618,0.153,0.179,0.096,0.092,0.087,0.859,0.824,1.001,0.317,1.177,0.199,0.675,0.156,0.187,0.093,0.093,0.094,0.228,0.22,0.124,0.157,0.144,0.113,0.12,0.157,0.186,0.09,0.092,0.093,0.226,0.215,0.123,0.143,0.147,0.11,0.124,0.153,0.194,0.09,0.088,0.088,0.25,0.208,0.132,0.144,0.144,0.111,0.121,0.155,0.207,0.089,0.086,0.088,0.28,0.217,0.129,0.138,0.139,0.107,0.119,0.148,0.201,0.086,0.087,0.088
730,10:00:05,30,0.566,0.858,1.017,0.215,0.73,0.172,0.718,0.157,0.174,0.087,0.1,0.084,0.841,0.949,0.875,0.221,1.068,0.167,0.637,0.154,0.189,0.1,0.088,0.134,0.853,0.815,0.92,0.242,1.135,0.202,0.618,0.153,0.179,0.096,0.091,0.087,0.861,0.823,1.001,0.318,1.178,0.2,0.675,0.156,0.187,0.093,0.092,0.094,0.228,0.22,0.123,0.155,0.144,0.113,0.12,0.156,0.186,0.09,0.092,0.093,0.226,0.215,0.123,0.142,0.147,0.11,0.124,0.153,0.194,0.09,0.088,0.088,0.252,0.208,0.132,0.144,0.144,0.112,0.125,0.155,0.206,0.089,0.086,0.088,0.283,0.217,0.131,0.138,0.139,0.107,0.119,0.148,0.202,0.086,0.087,0.088
730,10:20:06,30,0.588,0.858,1.016,0.216,0.73,0.172,0.717,0.158,0.174,0.087,0.098,0.084,0.84,0.95,0.875,0.221,1.07,0.167,0.636,0.154,0.191,0.1,0.088,0.133,0.854,0.815,0.921,0.242,1.137,0.202,0.619,0.153,0.179,0.096,0.092,0.088,0.859,0.824,1.002,0.318,1.179,0.2,0.676,0.156,0.187,0.093,0.092,0.094,0.229,0.22,0.124,0.155,0.144,0.114,0.121,0.157,0.186,0.09,0.092,0.093,0.226,0.215,0.123,0.143,0.147,0.11,0.124,0.153,0.194,0.09,0.088,0.088,0.252,0.208,0.132,0.144,0.144,0.112,0.126,0.155,0.206,0.089,0.086,0.088,0.284,0.217,0.133,0.137,0.139,0.107,0.119,0.148,0.203,0.086,0.087,0.088
730,10:40:07,30,0.593,0.859,1.016,0.216,0.729,0.172,0.719,0.157,0.174,0.088,0.094,0.084,0.842,0.952,0.876,0.221,1.071,0.167,0.636,0.154,0.189,0.1,0.088,0.133,0.856,0.816,0.922,0.242,1.138,0.202,0.618,0.153,0.179,0.097,0.092,0.088,0.863,0.824,1.002,0.318,1.179,0.199,0.676,0.156,0.187,0.093,0.092,0.094,0.229,0.22,0.123,0.156,0.144,0.114,0.121,0.157,0.186,0.09,0.092,0.093,0.226,0.215,0.123,0.143,0.147,0.11,0.124,0.153,0.194,0.09,0.088,0.088,0.255,0.208,0.132,0.144,0.144,0.112,0.121,0.155,0.207,0.089,0.086,0.088,0.284,0.217,0.151,0.138,0.139,0.107,0.119,0.148,0.201,0.086,0.087,0.088
730,11:00:08,30,0.555,0.858,1.016,0.216,0.728,0.172,0.717,0.158,0.174,0.087,0.107,0.084,0.841,0.95,0.875,0.221,1.072,0.167,0.637,0.154,0.189,0.1,0.088,0.136,0.857,0.814,0.922,0.242,1.138,0.202,0.618,0.153,0.179,0.096,0.092,0.088,0.862,0.825,1.003,0.319,1.18,0.2,0.676,0.156,0.187,0.093,0.092,0.094,0.229,0.22,0.123,0.153,0.144,0.133,0.121,0.157,0.186,0.09,0.092,0.093,0.226,0.215,0.123,0.143,0.147,0.115,0.124,0.153,0.194,0.09,0.088,0.088,0.254,0.208,0.133,0.144,0.144,0.111,0.121,0.155,0.207,0.089,0.086,0.088,0.283,0.217,0.133,0.138,0.139,0.107,0.119,0.148,0.203,0.086,0.087,0.088
730,11:20:09,30,0.538,0.858,1.015,0.216,0.727,0.172,0.717,0.158,0.174,0.087,0.098,0.084,0.842,0.951,0.876,0.221,1.073,0.167,0.637,0.154,0.189,0.1,0.088,0.131,0.857,0.815,0.921,0.242,1.14,0.201,0.618,0.153,0.179,0.096,0.092,0.088,0.864,0.825,1.003,0.319,1.181,0.2,0.676,0.156,0.187,0.093,0.092,0.094,0.229,0.22,0.123,0.154,0.144,0.12,0.121,0.157,0.186,0.09,0.092,0.093,0.226,0.215,0.123,0.143,0.147,0.114,0.124,0.153,0.194,0.09,0.088,0.088,0.255,0.208,0.132,0.144,0.144,0.111,0.121,0.155,0.207,0.089,0.086,0.088,0.284,0.217,0.132,0.137,0.139,0.107,0.119,0.148,0.199,0.086,0.087,0.087
730,11:40:10,30,0.533,0.859,1.015,0.216,0.727,0.172,0.725,0.157,0.174,0.087,0.096,0.084,0.84,0.952,0.875,0.221,1.075,0.167,0.637,0.154,0.189,0.1,0.088,0.135,0.857,0.815,0.922,0.242,1.14,0.201,0.618,0.153,0.179,0.096,0.091,0.088,0.864,0.826,1.003,0.318,1.181,0.2,0.675,0.156,0.187,0.093,0.092,0.094,0.23,0.22,0.123,0.153,0.145,0.114,0.121,0.157,0.186,0.09,0.092,0.093,0.227,0.215,0.123,0.143,0.147,0.112,0.124,0.153,0.194,0.09,0.088,0.088,0.255,0.208,0.133,0.144,0.144,0.112,0.121,0.155,0.207,0.089,0.086,0.088,0.279,0.217,0.133,0.137,0.139,0.107,0.119,0.148,0.199,0.086,0.087,0.088
730,12:00:11,30,0.58,0.859,1.014,0.217,0.726,0.171,0.716,0.157,0.174,0.088,0.094,0.084,0.842,0.949,0.876,0.221,1.076,0.167,0.637,0.154,0.189,0.1,0.088,0.136,0.858,0.815,0.922,0.241,1.142,0.201,0.619,0.153,0.179,0.096,0.091,0.087,0.864,0.825,1.003,0.319,1.182,0.199,0.674,0.156,0.187,0.093,0.092,0.094,0.23,0.22,0.123,0.158,0.144,0.115,0.121,0.157,0.186,0.09,0.092,0.093,0.227,0.215,0.123,0.143,0.147,0.11,0.124,0.153,0.194,0.09,0.088,0.088,0.258,0.208,0.132,0.144,0.144,0.111,0.121,0.155,0.207,0.089,0.086,0.088,0.283,0.217,0.155,0.137,0.139,0.107,0.119,0.148,0.201,0.086,0.087,0.088
730,12:20:12,30,0.6,0.86,1.013,0.217,0.726,0.171,0.719,0.157,0.174,0.087,0.098,0.084,0.839,0.953,0.877,0.221,1.077,0.167,0.638,0.154,0.189,0.1,0.088,0.135,0.856,0.815,0.922,0.241,1.143,0.201,0.619,0.153,0.179,0.096,0.092,0.087,0.862,0.826,1.003,0.319,1.184,0.199,0.671,0.156,0.187,0.093,0.092,0.094,0.23,0.22,0.123,0.156,0.144,0.121,0.121,0.156,0.186,0.09,0.092,0.093,0.227,0.215,0.123,0.143,0.147,0.11,0.124,0.153,0.194,0.09,0.088,0.088,0.257,0.208,0.132,0.143,0.145,0.111,0.121,0.155,0.207,0.089,0.086,0.088,0.283,0.217,0.132,0.137,0.139,0.107,0.119,0.148,0.2,0.086,0.087,0.088
730,12:40:13,30,0.561,0.86,1.013,0.218,0.727,0.171,0.718,0.157,0.174,0.087,0.09,0.084,0.841,0.953,0.877,0.221,1.079,0.167,0.639,0.154,0.189,0.1,0.088,0.133,0.859,0.816,0.923,0.241,1.144,0.201,0.618,0.153,0.179,0.096,0.092,0.088,0.865,0.826,1.003,0.319,1.184,0.2,0.669,0.156,0.187,0.093,0.092,0.094,0.23,0.22,0.123,0.155,0.144,0.113,0.121,0.157,0.186,0.09,0.092,0.093,0.227,0.215,0.123,0.143,0.147,0.11,0.124,0.153,0.194,0.09,0.088,0.088,0.26,0.208,0.132,0.144,0.144,0.111,0.121,0.155,0.207,0.089,0.086,0.088,0.283,0.217,0.132,0.137,0.139,0.107,0.119,0.148,0.202,0.086,0.087,0.088
730,13:00:14,30,0.537,0.86,1.013,0.218,0.727,0.171,0.725,0.157,0.174,0.087,0.106,0.084,0.846,0.951,0.877,0.22,1.079,0.167,0.638,0.154,0.189,0.1,0.088,0.133,0.861,0.816,0.923,0.241,1.144,0.201,0.618,0.153,0.179,0.096,0.092,0.087,0.868,0.826,1.004,0.319,1.184,0.199,0.667,0.156,0.187,0.093,0.092,0.094,0.231,0.22,0.124,0.154,0.144,0.114,0.121,0.156,0.186,0.09,0.092,0.093,0.227,0.215,0.123,0.143,0.147,0.11,0.124,0.153,0.194,0.09,0.088,0.088,0.26,0.208,0.132,0.144,0.144,0.112,0.121,0.155,0.207,0.089,0.086,0.088,0.279,0.217,0.133,0.137,0.139,0.107,0.119,0.148,0.201,0.086,0.087,0.088
730,13:20:15,30,0.517,0.86,1.012,0.219,0.726,0.171,0.722,0.157,0.174,0.087,0.099,0.084,0.845,0.951,0.877,0.22,1.081,0.167,0.638,0.154,0.189,0.1,0.088,0.134,0.863,0.816,0.923,0.241,1.146,0.201,0.618,0.153,0.179,0.096,0.091,0.088,0.869,0.826,1.005,0.319,1.185,0.2,0.668,0.156,0.187,0.093,0.092,0.094,0.231,0.22,0.123,0.153,0.144,0.113,0.121,0.157,0.186,0.09,0.092,0.093,0.227,0.215,0.123,0.143,0.147,0.11,0.124,0.153,0.194,0.09,0.088,0.088,0.261,0.208,0.133,0.144,0.144,0.112,0.121,0.155,0.206,0.089,0.086,0.088,0.281,0.217,0.133,0.137,0.139,0.107,0.119,0.148,0.201,0.086,0.087,0.088
730,13:40:16,30.1,0.51,0.861,1.01,0.219,0.726,0.171,0.717,0.157,0.174,0.087,0.097,0.084,0.849,0.948,0.878,0.22,1.082,0.167,0.637,0.154,0.189,0.1,0.088,0.134,0.866,0.817,0.922,0.241,1.147,0.201,0.618,0.153,0.179,0.096,0.091,0.087,0.871,0.826,1.005,0.32,1.186,0.199,0.671,0.156,0.187,0.093,0.092,0.094,0.232,0.22,0.123,0.153,0.144,0.117,0.121,0.157,0.186,0.09,0.092,0.093,0.228,0.215,0.123,0.143,0.147,0.11,0.124,0.153,0.194,0.09,0.088,0.088,0.265,0.208,0.132,0.144,0.144,0.112,0.121,0.155,0.207,0.09,0.086,0.088,0.284,0.217,0.133,0.138,0.139,0.107,0.119,0.148,0.199,0.086,0.087,0.087
730,14:00:17,30,0.493,0.861,1.01,0.219,0.725,0.171,0.719,0.157,0.174,0.087,0.091,0.084,0.848,0.949,0.878,0.22,1.083,0.167,0.636,0.154,0.19,0.1,0.088,0.136,0.87,0.817,0.922,0.241,1.148,0.201,0.618,0.153,0.179,0.097,0.092,0.088,0.871,0.826,1.006,0.32,1.187,0.199,0.674,0.156,0.187,0.093,0.092,0.094,0.232,0.22,0.124,0.154,0.144,0.113,0.121,0.156,0.186,0.09,0.092,0.093,0.228,0.215,0.123,0.143,0.147,0.111,0.124,0.153,0.194,0.09,0.088,0.088,0.265,0.208,0.133,0.144,0.144,0.111,0.121,0.155,0.205,0.089,0.086,0.088,0.283,0.217,0.134,0.137,0.139,0.107,0.119,0.148,0.202,0.086,0.087,0.088
730,14:20:18,30,0.492,0.861,1.008,0.22,0.726,0.171,0.721,0.157,0.174,0.087,0.102,0.084,0.851,0.953,0.879,0.22,1.084,0.166,0.635,0.154,0.189,0.1,0.088,0.135,0.873,0.817,0.924,0.241,1.148,0.2,0.617,0.153,0.179,0.097,0.092,0.087,0.871,0.827,1.006,0.32,1.188,0.199,0.677,0.156,0.187,0.093,0.092,0.094,0.233,0.22,0.123,0.153,0.145,0.114,0.121,0.156,0.186,0.09,0.093,0.093,0.228,0.215,0.123,0.143,0.147,0.11,0.124,0.153,0.194,0.09,0.088,0.088,0.267,0.208,0.132,0.144,0.144,0.112,0.121,0.155,0.206,0.089,0.086,0.088,0.281,0.217,0.13,0.137,0.139,0.107,0.119,0.148,0.201,0.086,0.087,0.088
730,14:40:19,30.1,0.484,0.862,1.008,0.22,0.725,0.171,0.726,0.157,0.174,0.087,0.1,0.084,0.853,0.954,0.879,0.219,1.085,0.166,0.633,0.154,0.189,0.1,0.088,0.134,0.876,0.818,0.924,0.241,1.149,0.2,0.617,0.155,0.179,0.096,0.092,0.088,0.872,0.828,1.007,0.32,1.188,0.199,0.677,0.156,0.187,0.093,0.093,0.094,0.233,0.22,0.123,0.155,0.145,0.113,0.121,0.156,0.186,0.09,0.093,0.093,0.229,0.215,0.123,0.143,0.147,0.11,0.124,0.153,0.194,0.09,0.088,0.088,0.267,0.208,0.132,0.144,0.144,0.111,0.127,0.155,0.206,0.09,0.086,0.088,0.278,0.217,0.132,0.137,0.139,0.108,0.119,0.148,0.204,0.086,0.087,0.087
730,15:00:20,30,0.484,0.862,1.006,0.22,0.724,0.171,0.724,0.157,0.174,0.087,0.105,0.084,0.856,0.952,0.88,0.219,1.087,0.166,0.633,0.154,0.19,0.1,0.088,0.134,0.881,0.817,0.924,0.241,1.15,0.199,0.617,0.153,0.179,0.096,0.092,0.087,0.875,0.828,1.007,0.32,1.189,0.199,0.677,0.156,0.187,0.093,0.093,0.094,0.234,0.22,0.123,0.156,0.145,0.113,0.121,0.156,0.186,0.09,0.093,0.093,0.229,0.215,0.123,0.143,0.147,0.11,0.124,0.153,0.194,0.09,0.089,0.088,0.269,0.208,0.132,0.144,0.144,0.114,0.121,0.155,0.206,0.089,0.086,0.088,0.281,0.217,0.131,0.137,0.139,0.107,0.119,0.148,0.202,0.086,0.087,0.088
730,15:20:21,30,0.492,0.863,1.005,0.22,0.723,0.171,0.721,0.157,0.174,0.087,0.101,0.084,0.853,0.951,0.879,0.219,1.088,0.166,0.634,0.154,0.19,0.1,0.088,0.136,0.883,0.817,0.923,0.241,1.152,0.2,0.617,0.153,0.179,0.096,0.092,0.087,0.875,0.828,1.006,0.321,1.19,0.199,0.678,0.156,0.187,0.093,0.093,0.094,0.234,0.22,0.124,0.155,0.145,0.114,0.121,0.156,0.186,0.09,0.093,0.093,0.229,0.215,0.123,0.143,0.147,0.11,0.124,0.153,0.194,0.09,0.089,0.088,0.27,0.208,0.133,0.144,0.144,0.116,0.121,0.155,0.206,0.09,0.086,0.088,0.284,0.217,0.134,0.137,0.139,0.107,0.119,0.148,0.203,0.086,0.087,0.087
730,15:40:22,30,0.514,0.865,1.003,0.22,0.723,0.171,0.72,0.157,0.174,0.087,0.106,0.084,0.852,0.954,0.879,0.219,1.088,0.166,0.632,0.154,0.189,0.1,0.088,0.135,0.884,0.818,0.924,0.241,1.153,0.2,0.617,0.153,0.179,0.096,0.091,0.087,0.873,0.828,1.007,0.321,1.19,0.199,0.678,0.156,0.187,0.093,0.093,0.094,0.234,0.22,0.123,0.157,0.145,0.113,0.121,0.156,0.186,0.09,0.093,0.093,0.229,0.215,0.123,0.143,0.147,0.11,0.124,0.153,0.194,0.09,0.088,0.088,0.272,0.208,0.132,0.145,0.144,0.112,0.122,0.155,0.206,0.09,0.086,0.088,0.282,0.217,0.139,0.137,0.139,0.107,0.119,0.148,0.199,0.086,0.087,0.088
730,16:00:23,30,0.622,0.863,1.003,0.22,0.722,0.171,0.725,0.157,0.174,0.087,0.101,0.084,0.852,0.951,0.88,0.219,1.09,0.166,0.633,0.154,0.189,0.1,0.088,0.136,0.884,0.819,0.924,0.241,1.154,0.199,0.617,0.153,0.179,0.096,0.092,0.088,0.875,0.828,1.007,0.321,1.191,0.199,0.677,0.156,0.187,0.093,0.093,0.094,0.235,0.22,0.124,0.153,0.145,0.113,0.121,0.157,0.186,0.09,0.093,0.093,0.229,0.215,0.123,0.143,0.147,0.11,0.124,0.153,0.194,0.09,0.088,0.088,0.272,0.208,0.132,0.144,0.144,0.111,0.122,0.155,0.206,0.09,0.086,0.088,0.279,0.217,0.13,0.137,0.139,0.107,0.119,0.148,0.202,0.086,0.087,0.087
730,16:20:24,30,0.677,0.863,1.002,0.22,0.722,0.171,0.729,0.156,0.174,0.087,0.091,0.084,0.856,0.952,0.879,0.219,1.091,0.166,0.632,0.154,0.19,0.1,0.088,0.136,0.885,0.821,0.924,0.241,1.154,0.199,0.616,0.153,0.179,0.096,0.092,0.088,0.876,0.828,1.007,0.321,1.191,0.198,0.677,0.156,0.187,0.093,0.093,0.094,0.236,0.22,0.124,0.156,0.145,0.113,0.121,0.157,0.186,0.09,0.093,0.093,0.23,0.215,0.123,0.143,0.146,0.11,0.124,0.153,0.194,0.09,0.089,0.088,0.272,0.208,0.132,0.144,0.145,0.112,0.121,0.155,0.205,0.09,0.086,0.088,0.277,0.217,0.128,0.137,0.139,0.107,0.119,0.148,0.204,0.086,0.087,0.088
730,16:40:25,30,0.689,0.864,1.001,0.22,0.721,0.171,0.73,0.157,0.174,0.087,0.108,0.084,0.857,0.953,0.879,0.219,1.092,0.166,0.632,0.154,0.191,0.1,0.088,0.135,0.885,0.819,0.924,0.241,1.155,0.198,0.616,0.153,0.179,0.096,0.092,0.087,0.88,0.829,1.008,0.321,1.192,0.199,0.675,0.156,0.187,0.093,0.093,0.094,0.236,0.22,0.123,0.156,0.145,0.113,0.121,0.156,0.186,0.09,0.093,0.093,0.23,0.215,0.123,0.143,0.147,0.11,0.124,0.153,0.194,0.09,0.089,0.088,0.272,0.208,0.132,0.144,0.145,0.112,0.124,0.155,0.207,0.09,0.086,0.088,0.277,0.217,0.134,0.137,0.139,0.107,0.118,0.148,0.202,0.086,0.087,0.088
730,17:00:26,30.1,0.7,0.863,0.999,0.22,0.719,0.171,0.73,0.156,0.174,0.087,0.101,0.084,0.858,0.954,0.881,0.219,1.094,0.166,0.633,0.154,0.189,0.1,0.088,0.136,0.885,0.82,0.924,0.241,1.155,0.199,0.616,0.153,0.18,0.096,0.092,0.087,0.877,0.829,1.008,0.321,1.192,0.198,0.675,0.156,0.19,0.093,0.093,0.094,0.236,0.22,0.123,0.157,0.144,0.114,0.12,0.156,0.186,0.09,0.092,0.093,0.231,0.215,0.123,0.143,0.147,0.11,0.124,0.153,0.194,0.09,0.088,0.088,0.273,0.208,0.132,0.144,0.144,0.111,0.121,0.155,0.207,0.089,0.086,0.088,0.278,0.217,0.129,0.137,0.139,0.107,0.119,0.148,0.198,0.086,0.087,0.088
730,0:00:00,30,0.722,0.863,0.998,0.22,0.719,0.171,0.725,0.156,0.174,0.087,0.098,0.084,0.858,0.951,0.881,0.218,1.095,0.165,0.634,0.154,0.189,0.1,0.088,0.135,0.885,0.82,0.924,0.241,1.158,0.198,0.617,0.153,0.179,0.096,0.092,0.087,0.88,0.829,1.008,0.321,1.194,0.198,0.675,0.156,0.187,0.093,0.093,0.094,0.237,0.22,0.123,0.154,0.145,0.113,0.121,0.157,0.186,0.09,0.093,0.093,0.231,0.215,0.123,0.143,0.147,0.11,0.124,0.153,0.194,0.09,0.089,0.088,0.276,0.208,0.132,0.144,0.144,0.112,0.121,0.155,0.206,0.089,0.086,0.088,0.282,0.217,0.134,0.137,0.139,0.107,0.119,0.148,0.201,0.086,0.087,0.087